,Unnamed: 0.1,Unnamed: 0,gold_label,sentence1,sentence2,SET,relaciones,faltantes,CLASS2
0,568111,558275,entailment,"A man wearing a blue shirt, black apron, eyeglasses, and a mask is handling food in a tray.",A person in appropriate institution protection works with meals.,TEST,"[('man,NOUN', 'person,H', 1.0), ('wearing,VERB', 'appropriate,ADJ', 0.5, 0.3333333333333333, 0, None), ('mask,NOUN', 'institution,NOUN', 0.6666666666666666, 0.16666666666666666, 1.845826690498331, 5), ('mask,NOUN', 'protection,NOUN', 0.9333333333333333, 0.5, 2.9444389791664407, 1), ('handling,VERB', 'works,VERB', 0.8, 0.5, 2.5649493574615367, 1), ('food,NOUN', 'meals,NOUN', 0.8333333333333334, 0.3333333333333333, 2.538973871058276, 2)]",[],entailment
1,568812,558976,entailment,A man dressed in a red shirt and black tie stands up at a wedding reception to make a speech.,a guy in a red top and tie makes a speech,TEST,"[('red,ADJ', 'red,ADJ', 1.0), ('tie,NOUN', 'tie,NOUN', 1.0), ('make,VERB', 'make,H', 1.0), ('speech,NOUN', 'speech,NOUN', 1.0), ('man,NOUN', 'guy,NOUN', 0.9473684210526315, 0.5, 2.9444389791664407, 1), ('shirt,NOUN', 'top,NOUN', 0.8, 0.2, 2.0281482472922856, 4)]",[],entailment
2,560781,550939,contradiction,A young boy runs across a road in front of a sky blue building with barred windows.,A boy sleeps in his bed.,TEST,"[('boy,NOUN', 'boy,NOUN', 1.0), ('young,ADJ', 'sleeps,VERB', 0.4, 0.25, 0, None), ('front,NOUN', 'bed,NOUN', 0.8, 0.25, 2.2512917986064953, 3)]","['his,PRON']",contradiction
3,565799,555963,contradiction,An Asian woman is standing on a path with a basket on her head looking into a mirror she is holding in her hand.,Nobody is standing,TEST,"[('standing,VERB', 'standing,VERB', 1.0), ('head,NOUN', 'Nobody,PRON', 0.7058823529411765, 0.16666666666666666, 0, 5)]",[],entailment
4,562665,552829,neutral,A child in a maroon shirt playing next to a fountain.,The child is getting wet from the fountain.,TEST,"[('child,NOUN', 'child,NOUN', 1.0), ('fountain,NOUN', 'fountain,NOUN', 1.0), ('playing,VERB', 'getting,VERB', 0.5, 0.3333333333333333, 2.159484249353372, None), ('playing,VERB', 'wet,ADJ', 0.5, 0.3333333333333333, 0, None)]",[],entailment
5,566038,556202,neutral,man dressed in orange clothing with face covered seemingly balancing on a cane being held be a similarly dressed man sitting crossed legged on the ground at a shopping mall.,Two clowns are performing at a mall.,TEST,"[('mall,NOUN', 'mall,NOUN', 1.0), ('man,NOUN', 'clowns,NOUN', 0.6666666666666666, 0.2, 2.0281482472922856, 4), ('orange,ADJ', 'performing,VERB', 0.5, 0.3333333333333333, 0, None)]",[],neutral
6,559216,549374,neutral,An old man with a package poses in front of an advertisement.,A man poses in front of an ad for beer.,TEST,"[('man,NOUN', 'man,NOUN', 1.0), ('poses,NOUN', 'pose,H', 1.0), ('front,NOUN', 'front,NOUN', 1.0), ('ad,NOUN', 'ad,NOUN', 1.0), ('man,NOUN', 'beer,NOUN', 0.42857142857142855, 0.1111111111111111, 1.4403615823901665, 8)]",[],entailment
7,560744,550902,entailment,People dressed in traditional Japanese garb walk in a procession through a courtyard paved with paving stones.,People dressed in Japanese clothing walk through a courtyard.,TEST,"[('People,NOUN', 'People,NOUN', 1.0), ('dressed,VERB', 'dressed,VERB', 1.0), ('Japanese,ADJ', 'Japanese,ADJ', 1.0), ('garb,NOUN', 'clothing,H', 1.0), ('walk,VERB', 'walk,VERB', 1.0), ('courtyard,NOUN', 'courtyard,NOUN', 1.0)]",[],entailment
8,568225,558389,neutral,Two children play in the snow by the side of the road.,Kids are enjoying the cold weather.,TEST,"[('children,NOUN', 'kid,H', 1.0), ('snow,NOUN', 'weather,H', 1.0), ('Two,NUM', 'enjoying,VERB', 0.5, 0.3333333333333333, 0, None), ('Two,NUM', 'cold,ADJ', 0.5, 0.3333333333333333, 0, None)]",[],entailment
9,564069,554233,entailment,"Blond-haired girl wearing a bicycle helmet, a black t-shirt that reads ""Twizzlers"" and a printed dog tag necklace around her neck.",a girl with a helmet wears a dog tag,TEST,"[('girl,NOUN', 'girl,NOUN', 1.0), ('helmet,NOUN', 'helmet,NOUN', 1.0), ('shirt,NOUN', 'wear,H', 1.0), ('wearing,VERB', 'wear,H', 1.0), ('helmet,NOUN', 'wear,H', 1.0), ('dog,NOUN', 'dog,NOUN', 1.0), ('tag,NOUN', 'tag,NOUN', 1.0)]",[],entailment
10,561068,551226,neutral,A fat woman wearing faint blue top is blowing soap bubble.,A fat woman is wearing pants.,TEST,"[('fat,ADJ', 'fat,ADJ', 1.0), ('woman,NOUN', 'woman,NOUN', 1.0), ('wearing,VERB', 'wearing,VERB', 1.0), ('top,NOUN', 'pants,NOUN', 0.8, 0.2, 2.0281482472922856, 4)]",[],entailment
11,562353,552517,contradiction,A father and his daughter are riding a lawn mover down a street while dressed in American colors.,two men cut grass by hand,TEST,"[('lawn,NOUN', 'grass,A', 1.0), ('father,NOUN', 'men,NOUN', 0.7058823529411765, 0.25, 2.2512917986064953, 3), ('dressed,VERB', 'cut,VERB', 0.75, 0.3333333333333333, 2.159484249353372, 2), ('mover,NOUN', 'hand,NOUN', 0.8695652173913043, 0.25, 2.2512917986064953, 3)]",[],entailment
12,566709,556873,entailment,"Two men are drumming, one is standing and one is sitting down.",Two people are drumming.,TEST,"[('drumming,VERB', 'drumming,VERB', 1.0), ('men,NOUN', 'people,NOUN', 0.75, 0.3333333333333333, 2.538973871058276, 2)]",[],entailment
13,559873,550031,contradiction,Three men are carrying a red bag into a boat with another person and boat in the background.,A person drives away in a winnebago.,TEST,"[('person,NOUN', 'person,NOUN', 1.0), ('carrying,VERB', 'drives,VERB', 0.75, 0.3333333333333333, 2.159484249353372, 2), ('Three,NUM', 'away,ADV', 0.5, 0.3333333333333333, 0, None), ('person,NOUN', 'winnebago,NOUN', 0.631578947368421, 0.16666666666666666, 1.845826690498331, 5)]",[],neutral
14,565838,556002,neutral,A woman wearing a red coat stands on a wood floor in front of several paintings while two girls sit on the floor at her feet.,Woman takes a break at a museum while her children sit by her feet.,TEST,"[('girls,NOUN', 'woman,H', 1.0), ('woman,NOUN', 'woman,H', 1.0), ('her,PRON', 'her,PRON', 1.0), ('sit,VERB', 'sit,VERB', 1.0), ('her,PRON', 'her,PRON', 1.0), ('feet,NOUN', 'feet,NOUN', 1.0), ('stands,VERB', 'takes,VERB', 0.6, 0.2, 1.6486586255873816, 4), ('feet,NOUN', 'break,NOUN', 0.7272727272727273, 0.14285714285714285, 1.6916760106710724, 6), ('coat,NOUN', 'museum,NOUN', 0.6666666666666666, 0.16666666666666666, 1.845826690498331, 5), ('girls,NOUN', 'children,NOUN', 0.9090909090909091, 0.3333333333333333, 2.538973871058276, 2)]",[],entailment
15,559578,549736,neutral,The sun breaks through the trees as a child rides a swing.,The child on the swing is a girl.,TEST,"[('child,NOUN', 'child,NOUN', 1.0), ('swing,NOUN', 'swing,NOUN', 1.0), ('child,NOUN', 'girl,NOUN', 0.9090909090909091, 0.3333333333333333, 2.538973871058276, 2)]",[],entailment
16,564232,554396,entailment,A man wearing a shite short-sleeved shirt kisses a woman wearing a light pink jacket while standing on a public street.,A man is kissing a woman,TEST,"[('man,NOUN', 'man,NOUN', 1.0), ('kisses,VERB', 'kiss,H', 1.0), ('woman,NOUN', 'woman,NOUN', 1.0)]",[],entailment
17,562681,552845,contradiction,Someone splashing in the water.,Someone is having a picnic near the lake.,TEST,"[('Someone,PRON', 'Someone,PRON', 1.0), ('body_of_water,NOUN', 'lake,A', 1.0), ('water,NOUN', 'lake,A', 1.0), ('splashing,VERB', 'having,VERB', 0.5, 0.3333333333333333, 2.159484249353372, None), ('water,NOUN', 'picnic,NOUN', 0.7142857142857143, 0.2, 2.0281482472922856, 4)]",[],entailment
18,567445,557609,contradiction,An elderly lady holding a scruffy dog and smiling contently.,a woman holding a scruffy cat,TEST,"[('lady,NOUN', 'woman,H', 1.0), ('holding,VERB', 'holding,VERB', 1.0), ('scruffy,ADJ', 'scruffy,ADJ', 1.0), ('dog,NOUN', 'cat,NOUN', 0.8571428571428571, 0.2, 2.0281482472922856, 4)]",[],entailment
19,564974,555138,entailment,"An Asian woman in a purple shirt preparing a bowl of food for the younger Asian boy sitting near buy, while an Asian man eats a roll and prepares to take some food up with his chopsticks.",A woman is preparing food for a child.,TEST,"[('woman,NOUN', 'woman,NOUN', 1.0), ('preparing,VERB', 'preparing,VERB', 1.0), ('food,NOUN', 'food,NOUN', 1.0), ('boy,NOUN', 'child,NOUN', 0.9090909090909091, 0.3333333333333333, 2.538973871058276, 2)]",[],entailment
20,565004,555168,entailment,A woman is holding a microphone in one hand and her mouth is open.,A woman standing at a microphone,TEST,"[('woman,NOUN', 'woman,NOUN', 1.0), ('microphone,NOUN', 'microphone,NOUN', 1.0), ('holding,VERB', 'standing,VERB', 0.75, 0.3333333333333333, 2.159484249353372, 2)]",[],entailment
21,562944,553108,entailment,A young girl in a white t-shirt and a blue skirt wearing a light colored hat stands in a river next to a big rock.,A girl is wearing a hat.,TEST,"[('girl,NOUN', 'girl,NOUN', 1.0), ('wearing,VERB', 'wearing,VERB', 1.0), ('hat,NOUN', 'hat,NOUN', 1.0)]",[],entailment
22,565782,555946,neutral,A gymnast using a set of paralleled bars.,A young gymnast is performing.,TEST,"[('gymnast,NOUN', 'gymnast,NOUN', 1.0), ('using,VERB', 'young,ADJ', 0.5, 0.3333333333333333, 0, None), ('using,VERB', 'performing,VERB', 0.5, 0.3333333333333333, 2.159484249353372, None)]",[],neutral
23,566854,557018,contradiction,"A guy with a football, a crowd watching him.",There is a guy with a basketball.,TEST,"[('atomic_number_2,PRON', 'is,A', 1.0), ('helium,PRON', 'is,A', 1.0), ('He,PRON', 'is,A', 1.0), ('Guy,NOUN', 'is,A', 1.0), ('guy,NOUN', 'guy,NOUN', 1.0), ('watching,VERB', 'There,PRON', 0.5, 0.3333333333333333, 0, None), ('football,NOUN', 'basketball,NOUN', 0.9, 0.3333333333333333, 2.538973871058276, 2)]",[],entailment
24,566880,557044,entailment,Seven young girls are being creative and making posters.,Girls are making posters.,TEST,"[('girls,NOUN', 'girl,H', 1.0), ('making,VERB', 'making,VERB', 1.0), ('posters,NOUN', 'posters,NOUN', 1.0)]",[],entailment
25,559430,549588,neutral,"An old man in a baseball hat and an old woman in a jean jacket are standing outside, but are covered mostly in shadow.",An old woman has a light jean jacket.,TEST,"[('old,ADJ', 'old,ADJ', 1.0), ('woman,NOUN', 'woman,NOUN', 1.0), ('hat,NOUN', 'has,A', 1.0), ('lid,NOUN', 'has,A', 1.0), ('chapeau,NOUN', 'has,A', 1.0), ('jacket,NOUN', 'jacket,NOUN', 1.0), ('old,ADJ', 'light,ADJ', 0.5, 0.3333333333333333, -0.4054651081081644, None)]",[],entailment
26,566795,556959,entailment,A man is throwing a small white ball at some red cups.,The man playing a game.,TEST,"[('man,NOUN', 'man,NOUN', 1.0), ('throwing,VERB', 'playing,VERB', 0.5714285714285714, 0.25, 1.8718021769015913, 3), ('man,NOUN', 'game,NOUN', 0.8888888888888888, 0.3333333333333333, 2.538973871058276, 2)]",[],entailment
27,566533,556697,entailment,Several street vehicles pass by a traditional architecture style of Thailand.,Vehicles are going down a street in Thailand.,TEST,"[('vehicles,NOUN', 'vehicle,H', 1.0), ('pass,VERB', 'go,H', 1.0), ('street,NOUN', 'street,NOUN', 1.0)]",[],entailment
28,567628,557792,entailment,Man and a woman at the side of a table covered in books.,People near a lot of reading materials.,TEST,"[('side,NOUN', 'People,NOUN', 0.8235294117647058, 0.25, 2.2512917986064953, 3), ('books,NOUN', 'lot,NOUN', 0.8, 0.3333333333333333, 2.538973871058276, 2), ('covered,VERB', 'reading,VERB', 0.7272727272727273, 0.25, 1.8718021769015913, 3), ('Man,NOUN', 'materials,NOUN', 0.8235294117647058, 0.25, 2.2512917986064953, 3)]",[],entailment
29,568895,559059,neutral,A group of people wait to cross the street in new york,Some of the people are wearing sunglasses.,TEST,"[('people,NOUN', 'people,NOUN', 1.0), ('wait,VERB', 'Some,PRON', 0.5, 0.3333333333333333, 0, None), ('wait,VERB', 'wearing,VERB', 0.5, 0.3333333333333333, 2.159484249353372, None), ('street,NOUN', 'sunglasses,NOUN', 0.5, 0.09090909090909091, 1.2396908869280152, 10)]",[],neutral
30,567310,557474,neutral,Two guys in blue shirts talking.,Two men complimenting each other on their blue shirts.,TEST,"[('guys,NOUN', 'man,H', 1.0), ('blue,ADJ', 'blue,ADJ', 1.0), ('shirts,NOUN', 'shirts,NOUN', 1.0), ('talking,VERB', 'complimenting,VERB', 0.6666666666666666, 0.25, 1.8718021769015913, 3), ('Two,NUM', 'other,ADJ', 0.5, 0.3333333333333333, 0, None)]","['their,PRON']",contradiction
31,562478,552642,contradiction,The child is hanging upside down with his legs over a pole.,There is an adult upside down.,TEST,"[('hang_up,VERB', 'be,A', 1.0), ('hang,VERB', 'be,A', 1.0), ('upside,ADV', 'upside,ADV', 1.0), ('down,ADV', 'down,ADV', 1.0), ('pole,NOUN', 'There,PRON', 0.6666666666666666, 0.2, 0, 4), ('child,NOUN', 'adult,NOUN', 0.75, 0.3333333333333333, 2.538973871058276, 2)]",[],entailment
32,563037,553201,contradiction,"Four young men stare up at a basketball hoop with no net, in an outdoor, urban basketball court.",A group of women playing basketball in a gym.,TEST,"[('men,NOUN', 'group,H', 1.0), ('court,NOUN', 'group,H', 1.0), ('basketball,NOUN', 'playing,A', 1.0), ('basketball,NOUN', 'basketball,NOUN', 1.0), ('men,NOUN', 'women,NOUN', 0.7058823529411765, 0.25, 2.2512917986064953, 3), ('net,NOUN', 'gym,NOUN', 0.6666666666666666, 0.16666666666666666, 1.845826690498331, 5)]",[],entailment
33,565514,555678,entailment,A group of people celebrating in the street.,There is a celebration going on,TEST,"[('street,NOUN', 'is,A', 1.0), ('fete,VERB', 'celebration,A', 1.0), ('celebrate,VERB', 'celebration,A', 1.0), ('celebrating,VERB', 'There,PRON', 0.5, 0.3333333333333333, 0, None), ('celebrating,VERB', 'going,VERB', 0.5, 0.3333333333333333, 2.159484249353372, None)]",[],entailment
34,565228,555392,contradiction,A man and a woman stand in front of a Christmas tree contemplating a single thought.,Two people talk loudly in front of a cactus.,TEST,"[('front,NOUN', 'front,NOUN', 1.0), ('woman,NOUN', 'people,NOUN', 0.8, 0.3333333333333333, 2.538973871058276, 2), ('single,ADJ', 'loudly,ADV', 0.5, 0.3333333333333333, 0, None), ('tree,NOUN', 'cactus,NOUN', 0.8, 0.2, 2.0281482472922856, 4)]","['talk,VERB']",contradiction
35,567306,557470,neutral,A casually dressed young blond woman is looking away sadly as couple near her are kissing.,A woman looks away after recognizing her ex-boyfriend kissing his new girl.,TEST,"[('woman,NOUN', 'woman,NOUN', 1.0), ('looking,VERB', 'look,H', 1.0), ('away,ADV', 'away,ADV', 1.0), ('kissing,VERB', 'kissing,VERB', 1.0), ('new,ADJ', 'new,ADJ', 1.0), ('looking,VERB', 'recognizing,VERB', 0.8235294117647058, 0.25, 1.8718021769015913, 3), ('woman,NOUN', 'ex,NOUN', 0.9473684210526315, 0.5, 2.9444389791664407, 1), ('woman,NOUN', 'boyfriend,NOUN', 0.6666666666666666, 0.25, 2.2512917986064953, 3), ('woman,NOUN', 'girl,NOUN', 0.9473684210526315, 0.5, 2.9444389791664407, 1)]","['her,PRON', '-,NOUN', 'his,PRON']",contradiction
36,567859,558023,entailment,Girls giving a presentation for a school class.,The girls are inside a school.,TEST,"[('Girls,NOUN', 'girl,H', 1.0), ('school,NOUN', 'school,NOUN', 1.0)]",[],entailment
37,564575,554739,neutral,A man and a child painting a post.,The father and son are repairing the sign.,TEST,"[('kid,NOUN', 'son,A', 1.0), ('child,NOUN', 'son,A', 1.0), ('man,NOUN', 'father,NOUN', 0.7058823529411765, 0.25, 2.2512917986064953, 3), ('post,NOUN', 'sign,NOUN', 0.8, 0.3333333333333333, 2.538973871058276, 2)]","['repairing,VERB']",contradiction
38,560760,550918,neutral,A young boy holding a red toy wearing green snowman and reindeer pajamas with an older woman on a couch behind him.,The older woman behind the young boy is his mother.,TEST,"[('older,ADJ', 'older,ADJ', 1.0), ('woman,NOUN', 'woman,NOUN', 1.0), ('young,ADJ', 'young,ADJ', 1.0), ('boy,NOUN', 'boy,NOUN', 1.0), ('older,ADJ', 'his,A', 1.0), ('sr.,ADJ', 'his,A', 1.0), ('elder,ADJ', 'his,A', 1.0), ('woman,NOUN', 'mother,NOUN', 0.9, 0.3333333333333333, 2.538973871058276, 2)]",[],entailment
39,564581,554745,entailment,A lady with blue jeans and a brown shirt is speaking on her cellphone on the second floor of the mall.,the lady is talking on her phone,TEST,"[('lady,NOUN', 'lady,NOUN', 1.0), ('speaking,VERB', 'talk,H', 1.0), ('her,PRON', 'her,PRON', 1.0), ('cellphone,NOUN', 'phone,H', 1.0)]",[],entailment
40,562440,552604,neutral,A person obscured in shadow in a gymnasium.,The person is trying to be sneaky.,TEST,"[('person,NOUN', 'person,NOUN', 1.0)]","['trying,VERB', 'sneaky,VERB']",contradiction
41,564139,554303,neutral,African woman walking through field.,The african woman is looking for someone in the fields.,TEST,"[('woman,NOUN', 'woman,NOUN', 1.0), ('woman,NOUN', 'someone,H', 1.0), ('field,NOUN', 'field,H', 1.0), ('African,ADJ', 'african,ADJ', 1.0, 1.0, 0.6931471805599453, 0), ('African,ADJ', 'looking,VERB', 0.5, 0.3333333333333333, 0, None)]",[],entailment
42,561870,552031,contradiction,Men are playing rugby while covered in mud.,The men are perfectly free of mud.,TEST,"[('men,NOUN', 'men,NOUN', 1.0), ('mud,NOUN', 'mud,NOUN', 1.0), ('playing,VERB', 'perfectly,ADV', 0.5, 0.3333333333333333, 0, None), ('playing,VERB', 'free,ADJ', 0.5, 0.3333333333333333, 0, None)]",[],entailment
43,567080,557244,neutral,A child with curly blond-hair looks at another child with long brown hair while sitting on a bench.,The school kids are relaxing during recess.,TEST,"[('child,NOUN', 'kid,H', 1.0), ('while,SCONJ', 'school,NOUN', 0.7692307692307693, 0.25, 0, 3), ('curly,ADJ', 'relaxing,VERB', 0.4, 0.25, 0, None), ('hair,NOUN', 'recess,NOUN', 0.625, 0.14285714285714285, 1.6916760106710724, 6)]",[],neutral
44,567481,557645,entailment,A shirtless man with cropped hair smokes a cigarette and ties a plastic bag.,The man is not wearing a shirt.,TEST,"[('man,NOUN', 'man,NOUN', 1.0), ('cropped,ADJ', 'wearing,VERB', 0.5, 0.3333333333333333, 0, None), ('hair,NOUN', 'shirt,NOUN', 0.625, 0.14285714285714285, 1.6916760106710724, 6)]",[],neutral
45,563460,553624,neutral,A group of people stares at a wall that is filled with drawings in a building.,A group of people analyze art together,TEST,"[('group,NOUN', 'group,NOUN', 1.0), ('people,NOUN', 'people,NOUN', 1.0), ('drawings,NOUN', 'art,H', 1.0), ('radical,NOUN', 'together,A', 1.0), ('group,NOUN', 'together,A', 1.0), ('chemical_group,NOUN', 'together,A', 1.0), ('stares,VERB', 'analyze,VERB', 0.4, 0.25, 1.8718021769015913, None)]",[],entailment
46,565640,555804,neutral,A girl with curly hair and wearing a patriotic shirt is looking at a monarch butterfly sitting on her left index finger.,A girl captures a butterfly for a science fair project,TEST,"[('girl,NOUN', 'girl,NOUN', 1.0), ('butterfly,NOUN', 'butterfly,NOUN', 1.0), ('curly,ADJ', 'captures,VERB', 0.4, 0.25, 0, None), ('curly,ADJ', 'fair,ADJ', 0.5, 0.3333333333333333, -0.4054651081081644, None), ('butterfly,NOUN', 'project,NOUN', 0.5, 0.09090909090909091, 1.2396908869280152, 10)]","['science,NOUN']",contradiction
47,566105,556269,entailment,The blue kayak is being ridden over a small waterfall.,A kayak is being ridden.,TEST,"[('kayak,NOUN', 'kayak,NOUN', 1.0), ('ridden,VERB', 'ridden,VERB', 1.0)]",[],entailment
48,561954,552118,contradiction,A person in a large pink triangle-shaped costume waves as a man and a woman dressed in matching brightly-colored striped and polka-dotted outfits smile back.,The person is alone in the middle of the ocean.,TEST,"[('person,NOUN', 'person,NOUN', 1.0), ('large,ADJ', 'alone,ADJ', 0.5, 0.3333333333333333, 0, None), ('person,NOUN', 'middle,NOUN', 0.46153846153846156, 0.125, 1.55814461804655, 7), ('person,NOUN', 'ocean,NOUN', 0.4444444444444444, 0.16666666666666666, 1.845826690498331, 5)]",[],neutral
49,560383,550541,neutral,There is a group of children getting their picture taken with presents.,Young children open presents under a large Christmas tree.,TEST,"[('small_fry,NOUN', 'young,A', 1.0), ('tike,NOUN', 'young,A', 1.0), ('child,NOUN', 'young,A', 1.0), ('fry,NOUN', 'young,A', 1.0), ('minor,NOUN', 'young,A', 1.0), ('nestling,NOUN', 'young,A', 1.0), ('tyke,NOUN', 'young,A', 1.0), ('youngster,NOUN', 'young,A', 1.0), ('shaver,NOUN', 'young,A', 1.0), ('tiddler,NOUN', 'young,A', 1.0), ('kid,NOUN', 'young,A', 1.0), ('nipper,NOUN', 'young,A', 1.0), ('children,NOUN', 'children,NOUN', 1.0), ('presents,NOUN', 'presents,NOUN', 1.0), ('getting,VERB', 'open,VERB', 0.6666666666666666, 0.3333333333333333, 2.159484249353372, 2), ('is,VERB', 'large,ADJ', 0.5, 0.3333333333333333, 0, None), ('children,NOUN', 'tree,NOUN', 0.6666666666666666, 0.14285714285714285, 1.6916760106710724, 6)]",[],entailment
50,566067,556231,entailment,"A boy in an orange ""Spring Hill"" ball team uniform, pitching the ball.",A boy pitches the ball.,TEST,"[('boy,NOUN', 'boy,NOUN', 1.0), ('pitching,VERB', 'pitch,H', 1.0), ('ball,NOUN', 'ball,NOUN', 1.0)]",[],entailment
51,567713,557877,entailment,A young dark-haired woman with red sun visor holding an open white umbrella amidst a crowd of people,A raven haired woman is seen by the crowd holding a white opened umbrella.,TEST,"[('haired,ADJ', 'haired,ADJ', 1.0), ('woman,NOUN', 'woman,NOUN', 1.0), ('crowd,NOUN', 'crowd,NOUN', 1.0), ('holding,VERB', 'holding,VERB', 1.0), ('white,ADJ', 'white,ADJ', 1.0), ('open,ADJ', 'open,S', 1.0), ('umbrella,NOUN', 'umbrella,NOUN', 1.0), ('holding,VERB', 'seen,VERB', 0.8888888888888888, 0.5, 2.5649493574615367, 1)]","['raven,ADJ']",contradiction
52,564800,554964,neutral,Two people in coats kiss on the side of a road.,A recently engaged couple embrace on the street.,TEST,"[('Two,NUM', 'recently,ADV', 0.5, 0.3333333333333333, 0, None), ('Two,NUM', 'engaged,VERB', 0.5, 0.3333333333333333, 0, None), ('Two,NUM', 'couple,NOUN', 0.9411764705882353, 0.5, 0, 1), ('road,NOUN', 'embrace,NOUN', 0.5555555555555556, 0.1111111111111111, 1.4403615823901665, 8), ('road,NOUN', 'street,NOUN', 0.875, 0.3333333333333333, 2.538973871058276, 2)]",[],neutral
53,561690,551851,entailment,"A young man in an orange shirt, maneuvers a skateboard at the top of a ramp.",A person rides a skateboard.,TEST,"[('man,NOUN', 'person,H', 1.0), ('skateboard,NOUN', 'skateboard,NOUN', 1.0), ('young,ADJ', 'rides,VERB', 0.5, 0.3333333333333333, 0, None)]",[],entailment
54,560360,550518,contradiction,A girl jumps in the air.,A girl jumping rope on Mars.,TEST,"[('girl,NOUN', 'girl,NOUN', 1.0), ('jumps,VERB', 'jump,H', 1.0), ('girl,NOUN', 'rope,NOUN', 0.5, 0.1111111111111111, 1.4403615823901665, 8)]",[],entailment
55,560338,550496,entailment,A woman with short blond-hair rises from a chair as another woman in a burgundy shirt laughs.,A woman rises from a chair,TEST,"[('woman,NOUN', 'woman,NOUN', 1.0), ('rises,VERB', 'rises,VERB', 1.0), ('chair,NOUN', 'chair,NOUN', 1.0)]",[],entailment
56,567952,558116,entailment,Three people are outside.,Three people in nature.,TEST,"[('people,NOUN', 'people,NOUN', 1.0), ('people,NOUN', 'nature,NOUN', 0.4444444444444444, 0.16666666666666666, 1.845826690498331, 5)]",[],neutral
57,568133,558297,neutral,A swan landing in a lake.,A bird is looking for food on a lake.,TEST,"[('swan,NOUN', 'bird,H', 1.0), ('lake,NOUN', 'lake,NOUN', 1.0), ('lake,NOUN', 'food,NOUN', 0.46153846153846156, 0.125, 1.55814461804655, 7)]","['looking,VERB']",contradiction
58,568104,558268,neutral,A singer wearing a leather jacket performs on stage with dramatic lighting behind him.,a singer is on american idol,TEST,"[('singer,NOUN', 'singer,NOUN', 1.0)]",[],entailment
59,563064,553228,neutral,Older man wearing dark blue clothing sweeping the ground and a person wearing a red coat and carrying a green bag entering the building.,An older man is sweeping his patio while a passerby enters a building,TEST,"[('older,ADJ', 'older,ADJ', 1.0), ('man,NOUN', 'man,NOUN', 1.0), ('sweeping,VERB', 'sweeping,VERB', 1.0), ('older,ADJ', 'his,A', 1.0), ('sr.,ADJ', 'his,A', 1.0), ('elder,ADJ', 'his,A', 1.0), ('entering,VERB', 'enter,S', 1.0), ('building,NOUN', 'building,NOUN', 1.0), ('building,NOUN', 'patio,NOUN', 0.8, 0.25, 2.2512917986064953, 3), ('person,NOUN', 'passerby,NOUN', 0.7058823529411765, 0.25, 2.2512917986064953, 3)]",[],entailment
60,561483,551641,neutral,Two people bicycle on a path separated by small mountains.,Two people are in a bike race.,TEST,"[('people,NOUN', 'people,NOUN', 1.0), ('bike,NOUN', 'bike,NOUN', 1.0), ('people,NOUN', 'race,NOUN', 0.75, 0.3333333333333333, 2.538973871058276, 2)]",[],entailment
61,559416,549574,neutral,A person in a red shirt and black pants hunched over.,The person is a woman.,TEST,"[('person,NOUN', 'person,NOUN', 1.0), ('person,NOUN', 'woman,NOUN', 0.75, 0.3333333333333333, 2.538973871058276, 2)]",[],entailment
62,566423,556587,neutral,Six older women are standing in a row at a table smiling and looking trough books and other material displayed on the table.,Women are looking at books on sale at a library.,TEST,"[('women,NOUN', 'woman,H', 1.0), ('looking,VERB', 'looking,VERB', 1.0), ('books,NOUN', 'books,NOUN', 1.0), ('material,NOUN', 'sale,NOUN', 0.6153846153846154, 0.16666666666666666, 1.845826690498331, 5), ('books,NOUN', 'library,NOUN', 0.8, 0.3333333333333333, 2.538973871058276, 2)]",[],entailment
63,562717,552881,entailment,A brown and black dog rubs his face in the grass.,The dog is outside.,TEST,"[('dog,NOUN', 'dog,NOUN', 1.0), ('brown,ADJ', 'outside,ADV', 0.5, 0.3333333333333333, 0, None)]",[],entailment
64,568698,558862,entailment,"By a table with several boxes and two coffee cups on it, a woman in a green sweater is opening a small box and another person (whose head cannot be seen) is operating a small handheld electronic device.",A woman in green opening a box while a half concealed man manipulates a handheld device.,TEST,"[('woman,NOUN', 'woman,NOUN', 1.0), ('green,ADJ', 'green,ADJ', 1.0), ('opening,VERB', 'opening,VERB', 1.0), ('box,NOUN', 'box,NOUN', 1.0), ('handheld,ADJ', 'handheld,ADJ', 1.0), ('device,NOUN', 'device,NOUN', 1.0), ('it,PRON', 'half,ADV', 0.5555555555555556, 0.1111111111111111, 0, 8), ('several,ADJ', 'concealed,VERB', 0.5, 0.3333333333333333, 0, None), ('person,NOUN', 'man,NOUN', 0.8, 0.5, 2.9444389791664407, 1), ('operating,VERB', 'manipulates,VERB', 0.8571428571428571, 0.5, 2.5649493574615367, 1)]",[],entailment
65,565350,555514,contradiction,A woman finishing a marathon race.,The woman is not going to finish the race.,TEST,"[('woman,NOUN', 'woman,NOUN', 1.0), ('finish,VERB', 'finish,VERB', 1.0), ('race,NOUN', 'race,NOUN', 1.0), ('finishing,VERB', 'going,VERB', 0.6666666666666666, 0.5, 2.5649493574615367, 1)]",[],entailment
66,560809,550967,entailment,The man is trying to make a pottery that he can market soon.,A man is making pottery.,TEST,"[('man,NOUN', 'man,NOUN', 1.0), ('make,VERB', 'make,H', 1.0), ('pottery,NOUN', 'pottery,NOUN', 1.0)]",[],entailment
67,567006,557170,entailment,A man with a beard sitting in front of the tour bus.,A guy is riding the bus.,TEST,"[('bus,NOUN', 'bus,NOUN', 1.0), ('man,NOUN', 'guy,NOUN', 0.9473684210526315, 0.5, 2.9444389791664407, 1), ('sitting,VERB', 'riding,VERB', 1.0, 1.0, 3.258096538021482, 0)]",[],entailment
68,567801,557965,neutral,"A blond woman with a tattoo of on an angel on her arm walking down the street, a concrete wall in the background.",A person with a great tatto,TEST,"[('woman,NOUN', 'person,H', 1.0), ('angel,NOUN', 'person,H', 1.0), ('blond,ADJ', 'great,ADJ', 0.5, 0.3333333333333333, 0, None)]","['tatto,NOUN']",contradiction
69,564585,554749,contradiction,"A man, with a full face mask, sits on a sidewalk playing the guitar.",A woman is wearing a mask,TEST,"[('mask,NOUN', 'wear,H', 1.0), ('mask,NOUN', 'mask,NOUN', 1.0), ('man,NOUN', 'woman,NOUN', 0.7058823529411765, 0.25, 2.2512917986064953, 3)]",[],entailment
70,559660,549818,entailment,"A group of four children pose on a muddy beach, smiling and making faces.",Four kids pose on a beach.,TEST,"[('children,NOUN', 'kid,H', 1.0), ('pose,VERB', 'pose,VERB', 1.0), ('beach,NOUN', 'beach,NOUN', 1.0)]",[],entailment
71,566563,556727,contradiction,"A bearded man, using a wooden pole, stirs bowl-like objects around in a large metal box filled with water.",A woman is putting on mascara.,TEST,"[('man,NOUN', 'woman,NOUN', 0.7058823529411765, 0.25, 2.2512917986064953, 3), ('using,VERB', 'putting,VERB', 0.6666666666666666, 0.5, 2.5649493574615367, 1)]",[],neutral
72,560542,550700,contradiction,A guy in glasses is biting into a pink marshmallow chick while somebody else is puckering their lips out wanting a bite.,A man eats a hamburger while his friend asks for a bite.,TEST,"[('guy,NOUN', 'man,H', 1.0), ('bite,NOUN', 'bite,NOUN', 1.0), ('pink,ADJ', 'eats,VERB', 0.4, 0.25, 0, None), ('bite,NOUN', 'hamburger,NOUN', 0.6666666666666666, 0.14285714285714285, 1.6916760106710724, 6), ('somebody,PRON', 'friend,NOUN', 0.8, 0.5, 0, 1), ('wanting,VERB', 'asks,VERB', 0.8571428571428571, 0.3333333333333333, 2.159484249353372, 2)]","['his,PRON']",contradiction
73,563787,553951,contradiction,a male teen is working on a school project.,The boy sitting on top of his dads truck.,TEST,"[('teen,NOUN', 'boy,NOUN', 0.6666666666666666, 0.2, 2.0281482472922856, 4), ('male,ADJ', 'sitting,VERB', 0.5, 0.3333333333333333, 0, None), ('school,NOUN', 'top,NOUN', 0.6666666666666666, 0.16666666666666666, 1.845826690498331, 5), ('teen,NOUN', 'dads,NOUN', 0.5217391304347826, 0.1, 1.3350010667323402, 9), ('school,NOUN', 'truck,NOUN', 0.5555555555555556, 0.1111111111111111, 1.4403615823901665, 8)]","['his,PRON']",contradiction
74,563143,553307,neutral,A young man holding a young woman in his arms as they get splashed by water shooting up from a fountain.,A young couple is very much in love.,TEST,"[('young,ADJ', 'young,ADJ', 1.0), ('water,NOUN', 'couple,NOUN', 0.6666666666666666, 0.25, 2.2512917986064953, 3), ('young,ADJ', 'very,ADV', 0.5, 0.3333333333333333, 0, None), ('young,ADJ', 'much,ADV', 0.5, 0.3333333333333333, 0, None), ('man,NOUN', 'love,NOUN', 0.7058823529411765, 0.25, 2.2512917986064953, 3)]",[],neutral
75,560183,550341,entailment,a man in a red shirt is laying on the grass reaching out to another person.,A man in red is holding out his hand.,TEST,"[('man,NOUN', 'man,NOUN', 1.0), ('laying,VERB', 'holding,VERB', 0.5714285714285714, 0.25, 1.8718021769015913, 3), ('man,NOUN', 'hand,NOUN', 0.6666666666666666, 0.25, 2.2512917986064953, 3)]","['his,PRON']",contradiction
76,561479,551637,entailment,The small boy is running through a grassy area.,A boy is running outside.,TEST,"[('boy,NOUN', 'boy,NOUN', 1.0), ('running,VERB', 'running,VERB', 1.0), ('small,ADJ', 'outside,ADV', 0.5, 0.3333333333333333, 0, None)]",[],entailment
77,562251,552415,entailment,Women in blue dress singing on stage.,A woman is singing on stage.,TEST,"[('woman,NOUN', 'woman,NOUN', 1.0), ('singing,VERB', 'singing,VERB', 1.0), ('stage,NOUN', 'stage,NOUN', 1.0)]",[],entailment
78,562772,552936,entailment,A little boy in a black and red striped shirt walks down a grassy hill.,The boy is walking outside.,TEST,"[('boy,NOUN', 'boy,NOUN', 1.0), ('walks,VERB', 'walk,H', 1.0), ('little,ADJ', 'outside,ADV', 0.5, 0.3333333333333333, 0, None)]",[],entailment
79,566279,556443,contradiction,City street crowded with sports fans wearing orange.,The sports fans are wearing yellow.,TEST,"[('sports,NOUN', 'sports,NOUN', 1.0), ('fans,NOUN', 'fans,NOUN', 1.0), ('wearing,VERB', 'wearing,VERB', 1.0), ('orangeness,NOUN', 'yellow,A', 1.0), ('orange,NOUN', 'yellow,A', 1.0)]",[],entailment
80,568282,558446,neutral,"Stretching high in the air, the player in the black shirt reaches for the football as the other stretches toward him to steal it away.",A wide reciever is trying to make a catch.,TEST,"[('football,NOUN', 'try,A', 1.0), ('football_game,NOUN', 'try,A', 1.0), ('make,VERB', 'make,VERB', 1.0), ('high,ADV', 'wide,ADJ', 0.5, 0.3333333333333333, 0, None), ('football,NOUN', 'catch,NOUN', 0.7368421052631579, 0.16666666666666666, 1.845826690498331, 5)]","['reciever,NOUN']",contradiction
81,565708,555872,entailment,A man has wrecked his racing bike in the dirt with five spectators behind a rope.,A man has damaged something.,TEST,"[('man,NOUN', 'man,NOUN', 1.0), ('looker,NOUN', 'something,A', 1.0), ('witness,NOUN', 'something,A', 1.0), ('watcher,NOUN', 'something,A', 1.0), ('viewer,NOUN', 'something,A', 1.0), ('spectator,NOUN', 'something,A', 1.0), ('five,NUM', 'damaged,VERB', 0.4, 0.25, 0, None)]",[],entailment
82,563741,553905,entailment,Two men and two women in jackets walk down a large city street.,There are people outside.,TEST,"[('city,NOUN', 'There,PRON', 0.6153846153846154, 0.16666666666666666, 0, 5), ('Two,NUM', 'are,VERB', 0.5, 0.3333333333333333, 0, None), ('women,NOUN', 'people,NOUN', 0.8, 0.3333333333333333, 2.538973871058276, 2), ('Two,NUM', 'outside,ADV', 0.5, 0.3333333333333333, 0, None)]",[],neutral
83,568351,558515,entailment,A woman is observing pictures on a camera.,A women observing a camera,TEST,"[('woman,NOUN', 'woman,H', 1.0), ('observing,VERB', 'observing,VERB', 1.0), ('camera,NOUN', 'camera,NOUN', 1.0)]",[],entailment
84,565633,555797,contradiction,Little boy getting soaked playing an outdoor water game.,A girl is playing the piano in her living room.,TEST,"[('playing,VERB', 'playing,VERB', 1.0), ('water,NOUN', 'room,A', 1.0), ('H2O,NOUN', 'room,A', 1.0), ('boy,NOUN', 'girl,NOUN', 0.8333333333333334, 0.2, 2.0281482472922856, 4), ('game,NOUN', 'piano,NOUN', 0.631578947368421, 0.125, 1.55814461804655, 7), ('game,NOUN', 'living,NOUN', 0.625, 0.14285714285714285, 1.6916760106710724, 6)]","['her,PRON']",contradiction
85,568604,558768,entailment,A boy dressed for summer in a green shirt and kahki shorts extends food to a reindeer in a petting zoo.,A boy dressed for summer in a green shirt and kahki shorts,TEST,"[('boy,NOUN', 'boy,NOUN', 1.0), ('dressed,VERB', 'dressed,VERB', 1.0), ('summer,NOUN', 'summer,NOUN', 1.0), ('green,ADJ', 'green,ADJ', 1.0), ('shirt,NOUN', 'shirt,NOUN', 1.0), ('shorts,NOUN', 'shorts,NOUN', 1.0)]",[],entailment
86,562283,552447,entailment,A dog is on the beach near a ball.,A dog is on the beach.,TEST,"[('dog,NOUN', 'dog,NOUN', 1.0), ('beach,NOUN', 'beach,NOUN', 1.0)]",[],entailment
87,560197,550355,entailment,A Skier ski-jumping while two other skiers watch his act.,A skier preparing a trick,TEST,"[('skier,NOUN', 'skier,NOUN', 1.0), ('jumping,VERB', 'preparing,VERB', 0.4, 0.25, 1.8718021769015913, None), ('act,NOUN', 'trick,NOUN', 0.7692307692307693, 0.25, 2.2512917986064953, 3)]",[],neutral
88,568360,558524,contradiction,A mother shading her baby with an umbrella as she and her partner climb the stairs.,Two fathers maneuver their baby strollers into a foyer.,TEST,"[('baby,NOUN', 'baby,NOUN', 1.0), ('mother,NOUN', 'fathers,NOUN', 0.9230769230769231, 0.3333333333333333, 2.538973871058276, 2), ('as,SCONJ', 'maneuver,VERB', 0.4, 0.25, 0, None), ('baby,NOUN', 'strollers,NOUN', 0.6666666666666666, 0.2, 2.0281482472922856, 4), ('stairs,NOUN', 'foyer,NOUN', 0.5882352941176471, 0.125, 1.55814461804655, 7)]","['their,PRON']",contradiction
89,564149,554313,contradiction,A man wearing red sunglasses is carrying two cameras.,The man has blue sunglasses.,TEST,"[('man,NOUN', 'man,NOUN', 1.0), ('carrying,VERB', 'have,H', 1.0), ('wearing,VERB', 'have,H', 1.0), ('sunglasses,NOUN', 'sunglasses,NOUN', 1.0), ('wearing,VERB', 'blue,ADJ', 0.5, 0.3333333333333333, 0, None)]",[],entailment
90,559970,550128,contradiction,A young boy in red leaping into sand at a playground.,A child does a cannonball into a pool.,TEST,"[('boy,NOUN', 'child,NOUN', 0.9090909090909091, 0.3333333333333333, 2.538973871058276, 2), ('young,ADJ', 'does,VERB', 0.5, 0.3333333333333333, 0, None), ('boy,NOUN', 'cannonball,NOUN', 0.4, 0.07692307692307693, 1.072636802264849, 12), ('playground,NOUN', 'pool,NOUN', 0.5714285714285714, 0.14285714285714285, 1.6916760106710724, 6)]",[],neutral
91,560650,550808,neutral,"First Lady Laura Bush at podium, in front of seated audience, at the White House Conference on Global Literacy.",Laura Bush is giving a talk about the importance of literacy to young people.,TEST,"[('podium,NOUN', 'give,A', 1.0), ('rostrum,NOUN', 'give,A', 1.0), ('soapbox,NOUN', 'give,A', 1.0), ('ambo,NOUN', 'give,A', 1.0), ('dais,NOUN', 'give,A', 1.0), ('pulpit,NOUN', 'give,A', 1.0), ('stump,NOUN', 'give,A', 1.0), ('audience,NOUN', 'people,H', 1.0), ('Conference,PROPN', 'talk,NOUN', 0.7142857142857143, 0.2, 0, 4), ('First,PROPN', 'importance,NOUN', 0.7142857142857143, 0.2, 0, 4), ('Literacy,PROPN', 'literacy,NOUN', 1.0, 1.0, 0, 0), ('First,PROPN', 'young,ADJ', 0.5, 0.3333333333333333, 0, None)]",[],entailment
92,563420,553584,entailment,Various men in wetsuits and goggles are standing.,Men are in wetsuits,TEST,"[('men,NOUN', 'man,H', 1.0)]",[],entailment
93,564549,554713,entailment,The baseball players near the pitching mound are celebrating as the batsman walks away.,The batsman is on a different team than the others around the pitching mound.,TEST,"[('batsman,NOUN', 'batsman,NOUN', 1.0), ('pitching,NOUN', 'team,A', 1.0), ('pitch,NOUN', 'other,A', 1.0), ('lurch,NOUN', 'other,A', 1.0), ('pitching,NOUN', 'other,A', 1.0), ('pitching,NOUN', 'pitching,NOUN', 1.0), ('mound,NOUN', 'mound,NOUN', 1.0), ('celebrating,VERB', 'different,ADJ', 0.5, 0.3333333333333333, 0, None)]",[],entailment
94,562777,552941,contradiction,A guy in a yellow shirt performs a balancing act on a taught chain near a canal.,A boy is watching a movie in his living room.,TEST,"[('guy,NOUN', 'boy,NOUN', 0.9, 0.3333333333333333, 2.538973871058276, 2), ('yellow,ADJ', 'watching,VERB', 0.5, 0.3333333333333333, 0, None), ('act,NOUN', 'movie,NOUN', 0.8, 0.25, 2.2512917986064953, 3), ('act,NOUN', 'living,NOUN', 0.5, 0.14285714285714285, 1.6916760106710724, 6), ('canal,NOUN', 'room,NOUN', 0.625, 0.14285714285714285, 1.6916760106710724, 6)]","['his,PRON']",contradiction
95,567068,557232,entailment,"A group of men in blue shirts, banded hats, and red bandannas stand in a group.",a bunch of guys in colorful clothes stand together,TEST,"[('stand,VERB', 'stand,VERB', 1.0), ('radical,NOUN', 'together,A', 1.0), ('chemical_group,NOUN', 'together,A', 1.0), ('band,VERB', 'together,A', 1.0), ('group,NOUN', 'together,A', 1.0), ('group,NOUN', 'bunch,NOUN', 0.75, 0.3333333333333333, 2.538973871058276, 2), ('men,NOUN', 'guys,NOUN', 0.9473684210526315, 0.5, 2.9444389791664407, 1), ('blue,ADJ', 'colorful,ADJ', 0.5, 0.3333333333333333, 0, None), ('shirts,NOUN', 'clothes,NOUN', 0.8421052631578947, 0.25, 2.2512917986064953, 3)]",[],entailment
96,568650,558814,entailment,A woman holding a newborn baby.,woman holds baby,TEST,"[('woman,NOUN', 'woman,NOUN', 1.0), ('holding,VERB', 'hold,S', 1.0), ('baby,NOUN', 'baby,NOUN', 1.0)]",[],entailment
97,559485,549643,contradiction,A skateboarding youth does a trick on a rail.,A man painting a tree.,TEST,"[('young_person,NOUN', 'man,A', 1.0), ('younker,NOUN', 'man,A', 1.0), ('youth,NOUN', 'man,A', 1.0), ('spring_chicken,NOUN', 'man,A', 1.0), ('does,VERB', 'painting,VERB', 0.4, 0.25, 1.8718021769015913, None), ('youth,NOUN', 'tree,NOUN', 0.631578947368421, 0.125, 1.55814461804655, 7)]",[],entailment
98,559755,549913,contradiction,Four children are playing in some water.,The children are doing chores.,TEST,"[('children,NOUN', 'children,NOUN', 1.0), ('Four,NUM', 'doing,VERB', 0.5, 0.3333333333333333, 0, None)]","['chores,NOUN']",contradiction
99,561555,551716,contradiction,Three men dressed in suits and ties clasps their raised hands while standing in front of corporate logos.,One of the men is actually sasquatch.,TEST,"[('men,NOUN', 'men,NOUN', 1.0), ('Three,NUM', 'actually,ADV', 0.5, 0.3333333333333333, 0, None)]","['sasquatch,VERB']",contradiction
